epoch,time,train/box_loss,train/cls_loss,train/dfl_loss,metrics/precision(B),metrics/recall(B),metrics/mAP50(B),metrics/mAP50-95(B),val/box_loss,val/cls_loss,val/dfl_loss,lr/pg0,lr/pg1,lr/pg2
1,9.67072,0.8811,3.53515,1.06217,0.00951,1,0.53183,0.45313,0.61046,4.0234,0.81907,0.000361301,0.000361301,0.000361301
2,16.6826,0.83261,2.1418,1.04054,1,0.10515,0.46099,0.31861,0.85017,3.76568,0.89837,0.000724391,0.000724391,0.000724391
3,23.51,0.82781,1.81734,1.04042,0.9951,0.48214,0.99448,0.8617,0.66826,2.70589,1.05703,0.00108015,0.00108015,0.00108015
4,30.2693,0.74703,1.50404,0.99972,0.63683,1,0.98616,0.81715,0.57767,2.25965,0.98435,0.001078,0.001078,0.001078
5,37.0552,0.76587,1.32907,1.00975,0.98246,0.992,0.995,0.83207,0.55974,1.58339,0.95679,0.001067,0.001067,0.001067
6,43.8798,0.7601,1.23858,1.0067,0.97584,1,0.995,0.78953,0.55123,1.13792,0.93809,0.00105601,0.00105601,0.00105601
7,50.7383,0.74457,1.10403,0.99895,0.96079,0.85894,0.995,0.83202,0.53459,1.40668,0.92865,0.00104501,0.00104501,0.00104501
8,57.5505,0.69142,0.98482,0.96928,0.94818,0.85852,0.99448,0.89097,0.47818,1.31184,0.92286,0.00103401,0.00103401,0.00103401
9,64.4029,0.71274,0.95485,0.98544,0.97699,0.96475,0.995,0.83504,0.52038,0.85969,0.95631,0.00102301,0.00102301,0.00102301
10,71.1767,0.70144,0.90538,0.98123,0.98018,0.94805,0.995,0.88096,0.54507,0.98291,0.94215,0.00101201,0.00101201,0.00101201
11,77.9964,0.68725,0.82582,0.98105,0.97172,1,0.995,0.8027,0.48827,0.73948,0.90983,0.00100101,0.00100101,0.00100101
12,84.796,0.6946,0.83948,0.97348,0.98582,1,0.995,0.83936,0.49567,0.66759,0.89435,0.000990012,0.000990012,0.000990012
13,91.6419,0.65631,0.70689,0.9607,0.97465,0.99573,0.995,0.7973,0.46115,0.6133,0.90819,0.000979013,0.000979013,0.000979013
14,98.5054,0.67784,0.69616,0.96449,0.97687,1,0.995,0.83854,0.50099,0.58088,0.91337,0.000968014,0.000968014,0.000968014
15,105.356,0.68264,0.64128,0.97995,0.98538,0.98288,0.995,0.83752,0.52385,0.61823,0.91259,0.000957015,0.000957015,0.000957015
16,112.17,0.65982,0.6459,0.96301,0.98505,1,0.995,0.89979,0.51185,0.51496,0.91914,0.000946016,0.000946016,0.000946016
17,119.009,0.64956,0.63834,0.95023,0.98393,0.97543,0.995,0.89573,0.49802,0.60115,0.90083,0.000935018,0.000935018,0.000935018
18,125.803,0.6417,0.59039,0.95702,0.98269,1,0.995,0.84026,0.48595,0.51881,0.91976,0.000924019,0.000924019,0.000924019
19,132.662,0.63572,0.57574,0.95567,0.97995,1,0.995,0.84805,0.45844,0.43001,0.92235,0.00091302,0.00091302,0.00091302
20,139.498,0.65705,0.55996,0.96194,0.98135,0.99456,0.995,0.84061,0.43208,0.44585,0.90152,0.000902021,0.000902021,0.000902021
21,146.314,0.64226,0.51991,0.94657,0.94124,0.96037,0.995,0.89759,0.44688,0.4987,0.89433,0.000891022,0.000891022,0.000891022
22,153.12,0.61778,0.51448,0.934,0.96951,0.96716,0.995,0.89706,0.43444,0.45072,0.88854,0.000880023,0.000880023,0.000880023
23,160.006,0.63151,0.52635,0.9556,0.99731,1,0.995,0.84123,0.46864,0.37826,0.91199,0.000869024,0.000869024,0.000869024
24,166.872,0.61907,0.52809,0.93403,0.98043,1,0.995,0.8893,0.46258,0.3929,0.90214,0.000858025,0.000858025,0.000858025
25,173.682,0.60648,0.51598,0.94394,0.98073,1,0.995,0.85211,0.46189,0.38782,0.91006,0.000847026,0.000847026,0.000847026
26,180.5,0.6051,0.48788,0.93449,0.96413,0.98915,0.995,0.89833,0.45206,0.40029,0.89867,0.000836027,0.000836027,0.000836027
27,187.403,0.61149,0.46954,0.95125,0.98307,1,0.995,0.85804,0.41003,0.37262,0.89002,0.000825029,0.000825029,0.000825029
28,194.231,0.61093,0.45606,0.95238,0.98312,1,0.995,0.90439,0.43685,0.3665,0.88841,0.00081403,0.00081403,0.00081403
29,201.121,0.60401,0.45608,0.95221,0.98412,0.95124,0.995,0.9038,0.44273,0.4339,0.89018,0.000803031,0.000803031,0.000803031
30,208.013,0.62706,0.4758,0.96634,0.98322,1,0.995,0.84139,0.49454,0.35655,0.90961,0.000792032,0.000792032,0.000792032
31,214.873,0.61844,0.46709,0.94995,0.98167,1,0.995,0.84003,0.50074,0.41496,0.90852,0.000781033,0.000781033,0.000781033
32,221.698,0.62111,0.43687,0.95144,0.98407,1,0.995,0.85051,0.42716,0.32987,0.8871,0.000770034,0.000770034,0.000770034
33,228.508,0.62371,0.44326,0.95637,1,0.99941,0.995,0.89813,0.45974,0.42642,0.89862,0.000759035,0.000759035,0.000759035
34,235.306,0.60269,0.44133,0.9311,0.98216,1,0.995,0.85515,0.46978,0.30904,0.91048,0.000748036,0.000748036,0.000748036
35,242.117,0.58604,0.45556,0.94204,0.98294,1,0.995,0.90053,0.48156,0.36131,0.92177,0.000737037,0.000737037,0.000737037
36,248.952,0.59079,0.43914,0.92625,0.98422,1,0.995,0.84503,0.48582,0.33788,0.91421,0.000726038,0.000726038,0.000726038
37,255.752,0.606,0.43396,0.94692,0.98146,1,0.995,0.86066,0.42064,0.3296,0.89632,0.00071504,0.00071504,0.00071504
38,262.521,0.57296,0.41147,0.92641,0.98357,1,0.995,0.90319,0.43313,0.3231,0.90253,0.000704041,0.000704041,0.000704041
39,269.38,0.57641,0.40363,0.9322,0.98083,1,0.995,0.85098,0.43885,0.29994,0.89341,0.000693042,0.000693042,0.000693042
40,276.174,0.5725,0.42271,0.92839,0.98123,1,0.995,0.9015,0.43468,0.30317,0.89429,0.000682043,0.000682043,0.000682043
41,282.961,0.58395,0.42748,0.94763,0.98196,1,0.995,0.90993,0.4283,0.27653,0.89696,0.000671044,0.000671044,0.000671044
42,289.746,0.54741,0.38413,0.92224,0.98199,1,0.995,0.90406,0.45426,0.3042,0.90231,0.000660045,0.000660045,0.000660045
43,296.542,0.56246,0.39995,0.92106,0.98165,1,0.995,0.853,0.42094,0.27446,0.88935,0.000649046,0.000649046,0.000649046
44,303.278,0.56091,0.39224,0.92613,0.98295,1,0.995,0.85695,0.43312,0.30162,0.89191,0.000638047,0.000638047,0.000638047
45,310.037,0.56146,0.37576,0.92216,0.97727,1,0.995,0.85386,0.42218,0.2845,0.88779,0.000627048,0.000627048,0.000627048
46,316.813,0.53971,0.38978,0.91268,0.98461,1,0.995,0.89198,0.47078,0.30687,0.90967,0.000616049,0.000616049,0.000616049
47,324.047,0.54248,0.38697,0.91545,0.98275,1,0.995,0.90398,0.41148,0.27276,0.8831,0.000605051,0.000605051,0.000605051
48,330.833,0.56088,0.38816,0.94437,0.98386,1,0.995,0.89636,0.41888,0.28376,0.88336,0.000594052,0.000594052,0.000594052
49,337.582,0.56119,0.37142,0.91694,0.98251,1,0.995,0.89773,0.44925,0.26812,0.89081,0.000583053,0.000583053,0.000583053
50,344.344,0.56662,0.38504,0.9356,0.98342,1,0.995,0.91014,0.40365,0.26876,0.88291,0.000572054,0.000572054,0.000572054
51,351.158,0.53882,0.36976,0.92711,0.98094,1,0.995,0.84981,0.42618,0.27187,0.89932,0.000561055,0.000561055,0.000561055
52,357.943,0.54981,0.36235,0.92988,0.98475,0.99339,0.995,0.90744,0.42512,0.2798,0.88246,0.000550056,0.000550056,0.000550056
53,364.712,0.54737,0.36019,0.91897,0.982,1,0.995,0.90872,0.37534,0.25913,0.87211,0.000539057,0.000539057,0.000539057
54,371.501,0.53313,0.36154,0.91443,0.98431,1,0.995,0.91082,0.38976,0.26306,0.87118,0.000528058,0.000528058,0.000528058
55,378.324,0.53092,0.35116,0.90685,0.98255,1,0.995,0.85788,0.4272,0.26864,0.88331,0.000517059,0.000517059,0.000517059
56,385.091,0.52644,0.3537,0.91792,0.98223,1,0.995,0.95134,0.40799,0.2611,0.87727,0.00050606,0.00050606,0.00050606
57,391.873,0.52027,0.34411,0.91625,0.98067,1,0.995,0.8639,0.41552,0.26181,0.89275,0.000495062,0.000495062,0.000495062
58,398.632,0.52908,0.36087,0.9049,0.98222,1,0.995,0.90516,0.41096,0.25477,0.87657,0.000484063,0.000484063,0.000484063
59,405.426,0.5466,0.34708,0.91969,0.98122,1,0.995,0.90068,0.39998,0.26536,0.89466,0.000473064,0.000473064,0.000473064
60,412.217,0.5201,0.33895,0.91263,0.98223,1,0.995,0.89806,0.40133,0.23589,0.88932,0.000462065,0.000462065,0.000462065
61,419.035,0.53262,0.34087,0.90397,0.98306,1,0.995,0.90128,0.41897,0.24962,0.89346,0.000451066,0.000451066,0.000451066
62,425.8,0.53053,0.34752,0.91274,0.98254,1,0.995,0.90027,0.44628,0.2654,0.89734,0.000440067,0.000440067,0.000440067
63,432.607,0.52305,0.34483,0.91084,0.99804,1,0.995,0.9122,0.40153,0.24377,0.87971,0.000429068,0.000429068,0.000429068
64,439.436,0.51399,0.33048,0.9204,0.99735,1,0.995,0.9192,0.41031,0.24373,0.88199,0.000418069,0.000418069,0.000418069
65,446.196,0.53869,0.35051,0.91138,0.9823,1,0.995,0.91091,0.38787,0.25885,0.87308,0.00040707,0.00040707,0.00040707
66,452.97,0.51289,0.33897,0.90586,0.98211,1,0.995,0.87294,0.39119,0.23378,0.87563,0.000396071,0.000396071,0.000396071
67,459.772,0.50124,0.32751,0.90086,0.98215,1,0.995,0.92596,0.36616,0.23653,0.87822,0.000385073,0.000385073,0.000385073
68,466.555,0.51229,0.33433,0.91249,0.98386,1,0.995,0.91776,0.37402,0.22653,0.87778,0.000374074,0.000374074,0.000374074
69,473.366,0.50246,0.33007,0.90654,0.98331,1,0.995,0.90781,0.39802,0.25201,0.87479,0.000363075,0.000363075,0.000363075
70,480.128,0.49992,0.3226,0.90994,0.98371,1,0.995,0.91738,0.38325,0.22107,0.87289,0.000352076,0.000352076,0.000352076
71,486.908,0.50785,0.3235,0.8998,0.98472,1,0.995,0.91101,0.40746,0.23632,0.88496,0.000341077,0.000341077,0.000341077
72,493.686,0.51401,0.33393,0.90816,0.99752,1,0.995,0.92291,0.38613,0.23181,0.87458,0.000330078,0.000330078,0.000330078
73,500.442,0.5043,0.30544,0.90536,0.99768,1,0.995,0.92444,0.38976,0.24175,0.87823,0.000319079,0.000319079,0.000319079
74,507.231,0.49216,0.30659,0.9043,0.98351,1,0.995,0.95877,0.41689,0.23937,0.88996,0.00030808,0.00030808,0.00030808
75,514.066,0.50476,0.32176,0.90303,0.99809,1,0.995,0.9096,0.38404,0.23657,0.87562,0.000297081,0.000297081,0.000297081
76,520.826,0.51994,0.32545,0.90483,0.98339,1,0.995,0.91043,0.37823,0.21706,0.87971,0.000286083,0.000286083,0.000286083
77,527.587,0.48478,0.30795,0.89381,0.98458,1,0.995,0.91441,0.38395,0.22631,0.87713,0.000275084,0.000275084,0.000275084
78,534.373,0.47359,0.30354,0.8932,0.98392,1,0.995,0.90583,0.40806,0.24393,0.88016,0.000264085,0.000264085,0.000264085
79,541.202,0.4733,0.29895,0.89395,0.98314,1,0.995,0.9065,0.3937,0.22212,0.88293,0.000253086,0.000253086,0.000253086
80,548.005,0.47733,0.29678,0.88781,0.98408,1,0.995,0.91391,0.3859,0.22609,0.87994,0.000242087,0.000242087,0.000242087
81,554.83,0.50776,0.31675,0.91147,0.98404,1,0.995,0.9036,0.41602,0.22835,0.88185,0.000231088,0.000231088,0.000231088
82,561.609,0.49128,0.30252,0.9081,0.98387,1,0.995,0.91302,0.39088,0.23203,0.87792,0.000220089,0.000220089,0.000220089
83,568.407,0.49208,0.29296,0.90815,0.98297,1,0.995,0.91357,0.39689,0.21989,0.88019,0.00020909,0.00020909,0.00020909
84,575.212,0.48774,0.30164,0.90349,0.98307,1,0.995,0.91695,0.38137,0.22243,0.87436,0.000198091,0.000198091,0.000198091
85,582.017,0.48374,0.30619,0.90901,0.98243,1,0.995,0.91622,0.38388,0.21623,0.87618,0.000187092,0.000187092,0.000187092
86,588.831,0.48504,0.29953,0.89665,0.9825,1,0.995,0.90772,0.37403,0.21876,0.8785,0.000176094,0.000176094,0.000176094
87,595.674,0.45336,0.28139,0.8867,0.98282,1,0.995,0.91222,0.38486,0.22358,0.88108,0.000165095,0.000165095,0.000165095
88,602.458,0.45643,0.27996,0.88783,0.98337,1,0.995,0.90893,0.38819,0.22143,0.88064,0.000154096,0.000154096,0.000154096
89,609.27,0.46694,0.29293,0.89332,0.98416,1,0.995,0.90844,0.3912,0.21636,0.88639,0.000143097,0.000143097,0.000143097
90,616.022,0.45789,0.28264,0.88387,0.98235,1,0.995,0.91506,0.37922,0.20908,0.87873,0.000132098,0.000132098,0.000132098
91,637.211,0.46446,0.27876,0.92115,0.98165,1,0.995,0.91527,0.39782,0.21163,0.88094,0.000121099,0.000121099,0.000121099
92,643.929,0.41941,0.25944,0.88994,0.98437,1,0.995,0.91194,0.39963,0.21173,0.88112,0.0001101,0.0001101,0.0001101
93,650.646,0.42755,0.2631,0.90325,0.98331,1,0.995,0.95884,0.37207,0.20977,0.87687,9.91012e-05,9.91012e-05,9.91012e-05
94,657.456,0.4286,0.25317,0.88598,0.98317,1,0.995,0.91515,0.35867,0.20869,0.87073,8.81023e-05,8.81023e-05,8.81023e-05
95,664.21,0.41744,0.24605,0.88377,0.98323,1,0.995,0.96461,0.36994,0.20861,0.87258,7.71034e-05,7.71034e-05,7.71034e-05
96,670.996,0.43561,0.26472,0.91515,0.98293,1,0.995,0.96573,0.3624,0.20503,0.87104,6.61045e-05,6.61045e-05,6.61045e-05
97,677.755,0.42556,0.25319,0.90415,0.98318,1,0.995,0.91431,0.38424,0.2051,0.88064,5.51056e-05,5.51056e-05,5.51056e-05
98,684.471,0.41822,0.25395,0.8975,0.98319,1,0.995,0.91576,0.37332,0.21069,0.87225,4.41067e-05,4.41067e-05,4.41067e-05
99,691.249,0.41439,0.24671,0.8922,0.98283,1,0.995,0.91576,0.36918,0.19741,0.87228,3.31078e-05,3.31078e-05,3.31078e-05
100,698.003,0.40445,0.24465,0.88543,0.9832,1,0.995,0.91425,0.36975,0.19882,0.87407,2.21089e-05,2.21089e-05,2.21089e-05
